Productid,OrderId,UnitsSold,Sales,SaleDate,Store,Region
100,1016,1,7329,2022-02-23,Store4,E
100,1006,1,24258,2022-04-03,Store3,N
100,1003,23,557934,2022-06-21,Store3,N
100,1012,1,11362,2022-06-30,Store7,E
100,1013,13,95277,2022-09-02,Store4,E
100,1021,1,7152,2022-10-12,Store3,N
100,1023,9,212031,2023-01-30,Store3,N
100,1001,3,83076,2023-02-16,Store2,W
100,1011,6,68172,2023-03-09,Store7,E
100,1024,24,565416,2023-03-17,Store3,N
100,1015,13,95277,2023-04-08,Store4,E
100,1026,4,94236,2023-04-25,Store3,N
100,1014,19,139251,2023-05-07,Store4,E
100,1022,1,7152,2023-06-07,Store3,N
100,1019,1,7329,2023-06-21,Store4,E
100,1028,43,527954,2023-07-06,Store2,W
100,1000,11,304612,2023-07-28,Store2,W
100,1018,1,7329,2023-08-25,Store4,E
100,1025,20,471180,2023-09-30,Store3,N
100,1002,3,83076,2023-11-07,Store2,W
100,1017,2,14658,2023-11-22,Store4,E
100,1029,7,85946,2023-11-28,Store2,W
100,1004,5,121290,2024-01-08,Store3,N
100,1010,19,215878,2024-01-09,Store7,E
100,1027,13,306267,2024-01-18,Store3,N
100,1005,8,194064,2024-01-19,Store3,N
100,1020,38,271776,2024-02-05,Store3,N
100,1009,14,159068,2024-03-21,Store7,E
100,1007,2,48516,2024-04-04,Store3,N
100,1008,1,24258,2024-04-08,Store3,N
101,1047,6,55992,2022-03-19,Store6,S
101,1046,28,261296,2022-05-28,Store6,S
101,1036,39,1210989,2022-06-08,Store2,W
101,1033,5,105935,2022-06-14,Store2,W
101,1030,39,826293,2022-07-28,Store2,W
101,1048,1,9332,2022-08-11,Store6,S
101,1034,28,710836,2022-09-23,Store4,E
101,1038,6,186306,2022-11-08,Store2,W
101,1031,14,296618,2022-11-13,Store2,W
101,1042,2,67462,2022-12-14,Store5,S
101,1035,22,558514,2022-12-25,Store4,E
101,1045,25,233300,2023-01-03,Store6,S
101,1057,2,10366,2023-02-15,Store2,W
101,1041,12,404772,2023-03-26,Store5,S
101,1043,1,33731,2023-05-25,Store5,S
101,1040,1,33731,2023-06-02,Store5,S
101,1054,49,253967,2023-06-09,Store2,W
101,1052,1,29926,2023-06-12,Store1,N
101,1039,21,708351,2023-08-28,Store5,S
101,1044,1,33731,2023-09-20,Store5,S
101,1037,11,341561,2023-11-07,Store2,W
101,1050,20,598520,2023-11-23,Store1,N
101,1032,2,42374,2023-12-12,Store2,W
101,1056,3,15549,2024-02-24,Store2,W
101,1058,34,443904,2024-02-24,Store4,E
101,1049,29,867854,2024-03-07,Store1,N
101,1051,9,269334,2024-03-13,Store1,N
101,1059,1,13056,2024-03-19,Store4,E
101,1053,1,29926,2024-04-13,Store1,N
101,1055,26,134758,2024-04-24,Store2,W
101,1060,5,65280,2024-04-26,Store4,E
102,1062,41,726807,2021-04-17,Store1,N
102,1069,1,26193,2022-07-30,Store7,E
102,1065,1,17727,2022-10-03,Store1,N
102,1061,4,70908,2022-10-31,Store1,N
102,1067,8,209544,2022-12-01,Store7,E
102,1070,1,26193,2023-06-17,Store7,E
102,1064,2,35454,2023-09-26,Store1,N
102,1066,60,1571580,2023-11-28,Store7,E
102,1063,2,35454,2024-01-31,Store1,N
102,1068,10,261930,2024-03-30,Store7,E
103,1076,2,46050,2021-05-01,Store2,W
103,1071,6,138150,2022-03-21,Store2,W
103,1072,28,644700,2022-10-24,Store2,W
103,1074,30,690750,2023-07-31,Store2,W
103,1073,1,23025,2024-02-10,Store2,W
103,1075,3,69075,2024-04-29,Store2,W
104,1091,1,31730,2022-03-25,Store2,W
104,1087,3,95190,2022-05-08,Store2,W
104,1089,15,475950,2022-06-29,Store2,W
104,1086,1,31730,2022-07-17,Store2,W
104,1080,3,96849,2022-08-10,Store7,E
104,1094,33,368610,2022-09-12,Store2,W
104,1088,11,349030,2022-11-21,Store2,W
104,1090,2,63460,2023-01-01,Store2,W
104,1093,1,31730,2023-02-02,Store2,W
104,1083,1,32283,2023-05-03,Store7,E
104,1078,3,26658,2023-08-02,Store3,N
104,1095,45,373770,2023-09-12,Store2,W
104,1081,13,419679,2023-10-10,Store7,E
104,1084,47,1491310,2023-11-07,Store2,W
104,1082,5,161415,2023-11-13,Store7,E
104,1079,48,1549584,2023-11-24,Store7,E
104,1092,1,31730,2024-01-21,Store2,W
104,1077,57,506502,2024-02-29,Store3,N
104,1096,8,66448,2024-03-07,Store2,W
104,1085,8,253840,2024-03-20,Store2,W
105,1103,33,943206,2023-02-10,Store1,N
105,1104,5,142910,2023-02-14,Store1,N
105,1105,3,85746,2023-03-10,Store1,N
105,1101,1,27874,2023-03-28,Store1,N
105,1098,36,1003464,2023-04-18,Store1,N
105,1106,65,979485,2023-08-13,Store2,W
105,1099,17,473858,2023-08-17,Store1,N
105,1110,11,73326,2023-11-06,Store5,S
105,1097,14,390236,2023-11-29,Store1,N
105,1100,2,55748,2023-12-17,Store1,N
105,1108,29,193314,2024-01-09,Store5,S
105,1107,70,1178800,2024-02-28,Store6,S
105,1102,24,685968,2024-03-01,Store1,N
105,1112,1,6666,2024-04-04,Store5,S
105,1109,13,86658,2024-04-22,Store5,S
105,1111,16,106656,2024-04-27,Store5,S
106,1114,25,249950,2022-06-04,Store2,W
106,1117,4,39992,2022-12-08,Store2,W
106,1113,70,1566180,2022-12-26,Store6,S
106,1115,11,109978,2023-08-21,Store2,W
106,1118,2,30750,2023-09-17,Store1,N
106,1127,1,32093,2023-10-27,Store2,W
106,1125,1,32093,2023-11-12,Store2,W
106,1124,29,930697,2023-11-15,Store2,W
106,1116,10,99980,2023-11-16,Store2,W
106,1122,32,511712,2023-11-23,Store6,S
106,1121,6,92250,2024-01-02,Store1,N
106,1126,16,513488,2024-01-05,Store2,W
106,1119,3,46125,2024-03-01,Store1,N
106,1120,49,753375,2024-03-22,Store1,N
106,1123,8,127928,2024-04-12,Store6,S
106,1128,3,96279,2024-04-18,Store2,W
107,1131,1,2331,2023-01-06,Store2,W
107,1136,4,125408,2023-08-20,Store2,W
107,1130,49,114219,2023-10-06,Store2,W
107,1129,4,9324,2023-11-16,Store2,W
107,1141,2,62704,2023-12-11,Store2,W
107,1137,38,1191376,2023-12-26,Store2,W
107,1139,3,94056,2024-01-03,Store2,W
107,1135,34,1065968,2024-01-27,Store2,W
107,1140,2,62704,2024-01-31,Store2,W
107,1134,1,2331,2024-02-05,Store2,W
107,1133,4,9324,2024-02-21,Store2,W
107,1132,11,25641,2024-03-27,Store2,W
107,1138,7,219464,2024-04-14,Store2,W
108,1144,20,372220,2023-03-03,Store4,E
108,1145,11,204721,2023-05-02,Store4,E
108,1146,2,37222,2023-05-13,Store4,E
108,1150,6,161898,2023-06-15,Store5,S
108,1148,61,1645963,2023-07-18,Store5,S
108,1142,2,37222,2023-09-04,Store4,E
108,1151,5,134915,2023-10-20,Store5,S
108,1147,1,18611,2024-02-15,Store4,E
108,1153,1,3375,2024-02-23,Store2,W
108,1143,4,74444,2024-02-24,Store4,E
108,1149,8,215864,2024-02-28,Store5,S
108,1152,69,232875,2024-03-08,Store2,W
109,1172,3,88746,2022-04-25,Store2,W
109,1170,1,29582,2022-06-15,Store2,W
109,1161,24,635928,2022-08-02,Store7,E
109,1154,19,354939,2022-08-06,Store6,S
109,1158,33,874401,2022-08-11,Store7,E
109,1169,6,177492,2022-08-29,Store2,W
109,1155,1,18681,2022-09-03,Store6,S
109,1157,24,448344,2022-11-07,Store6,S
109,1178,9,107469,2022-11-23,Store6,S
109,1174,24,595656,2022-12-14,Store4,E
109,1183,70,623350,2022-12-19,Store6,S
109,1175,21,521199,2022-12-28,Store4,E
109,1167,42,1242444,2023-01-25,Store2,W
109,1186,1,8905,2023-02-13,Store6,S
109,1185,1,8905,2023-03-04,Store6,S
109,1173,1,24819,2023-03-23,Store4,E
109,1168,11,325402,2023-04-11,Store2,W
109,1180,1,11941,2023-04-28,Store6,S
109,1166,11,325402,2023-05-12,Store2,W
109,1156,6,112086,2023-07-17,Store6,S
109,1190,5,30860,2023-08-24,Store2,W
109,1189,15,92580,2023-09-09,Store2,W
109,1179,10,119410,2023-09-21,Store6,S
109,1192,7,43204,2023-09-26,Store2,W
109,1162,2,52994,2023-10-18,Store7,E
109,1160,17,450449,2023-10-28,Store7,E
109,1165,4,118328,2023-10-29,Store2,W
109,1191,10,61720,2023-10-30,Store2,W
109,1181,3,35823,2023-11-13,Store6,S
109,1171,2,59164,2023-11-20,Store2,W
109,1176,16,191056,2023-11-24,Store6,S
109,1187,2,17810,2023-11-26,Store6,S
109,1200,3,94836,2023-11-29,Store5,S
109,1201,3,94836,2023-12-02,Store5,S
109,1193,36,984960,2024-01-01,Store4,E
109,1164,2,52994,2024-01-08,Store7,E
109,1196,4,126448,2024-01-12,Store5,S
109,1163,3,79491,2024-02-08,Store7,E
109,1198,4,126448,2024-02-14,Store5,S
109,1159,9,238473,2024-02-15,Store7,E
109,1188,13,80236,2024-02-16,Store2,W
109,1177,1,11941,2024-03-01,Store6,S
109,1199,2,63224,2024-03-14,Store5,S
109,1195,53,1675436,2024-03-15,Store5,S
109,1206,1,25562,2024-03-26,Store6,S
109,1184,3,26715,2024-03-27,Store6,S
109,1182,13,115765,2024-03-29,Store6,S
109,1204,33,843546,2024-03-31,Store6,S
109,1197,11,347732,2024-04-05,Store5,S
109,1203,39,996918,2024-04-05,Store6,S
109,1205,1,25562,2024-04-06,Store6,S
109,1194,10,273600,2024-04-19,Store4,E
109,1202,16,408992,2024-04-27,Store6,S
110,1209,63,1944873,2022-12-31,Store3,N
110,1224,2,52984,2023-01-02,Store1,N
110,1218,5,155835,2023-03-19,Store1,N
110,1222,19,503348,2023-04-23,Store1,N
110,1221,1,31167,2023-05-01,Store1,N
110,1212,2,61742,2023-06-21,Store3,N
110,1213,2,61742,2023-07-03,Store3,N
110,1216,25,779175,2023-07-16,Store1,N
110,1210,20,617420,2023-09-19,Store3,N
110,1217,1,31167,2023-10-16,Store1,N
110,1220,1,31167,2023-10-24,Store1,N
110,1215,46,1433682,2023-11-16,Store1,N
110,1223,19,503348,2023-11-27,Store1,N
110,1208,2,13788,2023-12-23,Store3,N
110,1219,1,31167,2023-12-27,Store1,N
110,1207,38,261972,2024-01-01,Store3,N
110,1226,28,715764,2024-02-09,Store7,E
110,1211,2,61742,2024-02-12,Store3,N
110,1228,10,255630,2024-02-15,Store7,E
110,1227,1,25563,2024-03-06,Store7,E
110,1225,30,766890,2024-04-10,Store7,E
110,1214,1,30871,2024-04-13,Store3,N
110,1229,1,25563,2024-04-26,Store7,E
111,1234,12,388320,2022-01-07,Store5,S
111,1231,11,280962,2022-04-15,Store5,S
111,1230,29,740718,2022-07-15,Store5,S
111,1238,6,33240,2022-12-30,Store5,S
111,1232,2,51084,2023-01-09,Store5,S
111,1240,2,11080,2023-02-15,Store5,S
111,1241,2,11080,2023-04-01,Store5,S
111,1237,31,171740,2023-05-12,Store5,S
111,1236,3,97080,2023-08-19,Store5,S
111,1244,23,143313,2023-10-18,Store7,E
111,1249,16,295680,2023-10-26,Store7,E
111,1233,23,744280,2023-11-02,Store5,S
111,1250,8,147840,2023-11-12,Store7,E
111,1242,5,31155,2023-11-15,Store7,E
111,1246,8,49848,2023-11-24,Store7,E
111,1257,5,125630,2023-12-15,Store7,E
111,1254,1,25126,2024-01-13,Store7,E
111,1255,2,50252,2024-01-16,Store7,E
111,1235,12,388320,2024-01-17,Store5,S
111,1247,1,6231,2024-01-24,Store7,E
111,1263,58,1719874,2024-02-15,Store5,S
111,1259,10,234690,2024-02-16,Store1,N
111,1256,1,25126,2024-02-25,Store7,E
111,1253,37,929662,2024-02-28,Store7,E
111,1243,47,292857,2024-03-02,Store7,E
111,1260,21,492849,2024-03-04,Store1,N
111,1248,1,6231,2024-03-14,Store7,E
111,1245,5,31155,2024-03-19,Store7,E
111,1251,17,314160,2024-03-20,Store7,E
111,1252,16,295680,2024-03-25,Store7,E
111,1264,2,59306,2024-03-30,Store5,S
111,1262,5,117345,2024-04-02,Store1,N
111,1261,34,797946,2024-04-03,Store1,N
111,1239,9,49860,2024-04-07,Store5,S
111,1258,4,100504,2024-04-07,Store7,E
112,1265,36,210348,2021-04-24,Store2,W
112,1269,3,17529,2022-05-02,Store2,W
112,1266,18,105174,2022-05-03,Store2,W
112,1272,2,14528,2022-06-29,Store3,N
112,1275,6,110736,2022-07-31,Store7,E
112,1268,2,11686,2022-09-05,Store2,W
112,1271,21,152544,2022-10-24,Store3,N
112,1270,37,268768,2023-01-11,Store3,N
112,1273,47,867432,2023-03-12,Store7,E
112,1274,10,184560,2023-04-27,Store7,E
112,1276,16,39280,2023-05-20,Store3,N
112,1267,1,5843,2023-10-08,Store2,W
112,1278,8,209208,2024-01-17,Store1,N
112,1280,1,26151,2024-01-22,Store1,N
112,1281,1,26151,2024-01-22,Store1,N
112,1277,33,862983,2024-03-29,Store1,N
112,1279,7,183057,2024-04-22,Store1,N
113,1285,2,44200,2022-04-06,Store1,N
113,1282,51,1127100,2022-06-04,Store1,N
113,1284,14,309400,2022-06-18,Store1,N
113,1287,71,1238453,2023-01-06,Store6,S
113,1291,27,120717,2023-01-10,Store7,E
113,1297,18,489474,2023-02-17,Store7,E
113,1290,28,125188,2023-04-12,Store7,E
113,1286,7,122101,2023-04-26,Store6,S
113,1292,4,17884,2023-05-11,Store7,E
113,1301,6,62364,2023-06-04,Store5,S
113,1288,1,17443,2023-07-13,Store6,S
113,1300,16,166304,2023-08-06,Store5,S
113,1289,1,17443,2023-08-11,Store6,S
113,1296,4,108772,2023-08-29,Store7,E
113,1298,1,27193,2023-10-10,Store7,E
113,1299,68,706792,2023-11-11,Store5,S
113,1283,3,66300,2023-11-16,Store1,N
113,1293,1,4471,2023-12-14,Store7,E
113,1305,8,269744,2024-01-17,Store6,S
113,1307,20,674360,2024-01-18,Store6,S
113,1294,6,163158,2024-02-10,Store7,E
113,1306,51,1719618,2024-02-25,Store6,S
113,1302,40,198640,2024-03-03,Store3,N
113,1304,6,76206,2024-03-29,Store4,E
113,1303,42,243348,2024-04-07,Store6,S
113,1308,1,33718,2024-04-22,Store6,S
113,1295,61,1658773,2024-04-25,Store7,E
114,1312,3,7926,2022-08-22,Store7,E
114,1310,23,60766,2022-12-01,Store7,E
114,1316,1,28826,2022-12-18,Store6,S
114,1309,62,163804,2023-04-20,Store7,E
114,1320,19,208259,2023-05-26,Store7,E
114,1315,8,230608,2023-08-20,Store6,S
114,1311,1,2642,2023-09-25,Store7,E
114,1323,7,133049,2023-10-16,Store4,E
114,1317,1,28826,2023-10-23,Store6,S
114,1322,79,1501553,2023-10-27,Store4,E
114,1313,1,2642,2023-11-01,Store7,E
114,1314,39,1124214,2023-11-30,Store6,S
114,1326,1,19007,2023-12-22,Store4,E
114,1325,1,19007,2024-01-11,Store4,E
114,1324,2,38014,2024-01-19,Store4,E
114,1318,1,28826,2024-02-10,Store6,S
114,1319,40,438440,2024-02-25,Store7,E
114,1329,4,105536,2024-02-28,Store4,E
114,1334,8,95592,2024-03-06,Store1,N
114,1327,51,1345584,2024-03-07,Store4,E
114,1330,4,105536,2024-03-20,Store4,E
114,1335,2,23898,2024-03-24,Store1,N
114,1331,3,79152,2024-04-02,Store4,E
114,1333,22,262878,2024-04-05,Store1,N
114,1328,28,738752,2024-04-12,Store4,E
114,1332,38,454062,2024-04-16,Store1,N
114,1321,1,10961,2024-04-24,Store7,E
115,1337,22,222838,2022-03-01,Store2,W
115,1341,3,30387,2022-05-13,Store2,W
115,1338,40,405160,2022-07-08,Store2,W
115,1340,6,60774,2022-09-03,Store2,W
115,1336,16,162064,2023-05-30,Store2,W
115,1342,38,116090,2023-07-07,Store2,W
115,1344,12,36660,2023-10-20,Store2,W
115,1347,29,457417,2023-10-22,Store7,E
115,1351,2,31546,2023-11-17,Store7,E
115,1339,3,30387,2023-12-07,Store2,W
115,1346,3,9165,2023-12-08,Store2,W
115,1355,1,19319,2023-12-20,Store5,S
115,1343,11,33605,2024-01-08,Store2,W
115,1345,4,12220,2024-01-10,Store2,W
115,1349,14,220822,2024-01-16,Store7,E
115,1358,1,19319,2024-01-21,Store5,S
115,1357,1,19319,2024-01-28,Store5,S
115,1356,1,19319,2024-02-20,Store5,S
115,1353,1,19319,2024-02-25,Store5,S
115,1350,4,63092,2024-03-03,Store7,E
115,1352,71,1371649,2024-03-04,Store5,S
115,1348,1,15773,2024-03-06,Store7,E
115,1354,14,270466,2024-03-11,Store5,S
116,1364,1,2233,2021-05-16,Store2,W
116,1363,15,33495,2022-01-17,Store2,W
116,1359,22,327492,2022-01-28,Store2,W
116,1360,15,33495,2022-09-27,Store2,W
116,1366,49,1663305,2022-11-01,Store5,S
116,1361,26,58058,2022-12-06,Store2,W
116,1372,37,1136714,2022-12-31,Store3,N
116,1376,30,1013070,2023-01-14,Store7,E
116,1371,42,1290324,2023-02-19,Store3,N
116,1383,1,9834,2023-02-25,Store2,W
116,1369,12,407340,2023-04-07,Store5,S
116,1373,11,337942,2023-04-18,Store3,N
116,1365,2,67890,2023-04-29,Store5,S
116,1367,4,135780,2023-06-14,Store5,S
116,1370,2,67890,2023-08-30,Store5,S
116,1382,1,9834,2023-08-31,Store2,W
116,1380,1,9834,2023-09-02,Store2,W
116,1379,2,19668,2023-09-20,Store2,W
116,1385,76,1639472,2023-12-02,Store1,N
116,1386,49,1558788,2023-12-03,Store3,N
116,1381,2,19668,2023-12-18,Store2,W
116,1374,2,67538,2023-12-28,Store7,E
116,1390,12,253920,2024-01-21,Store1,N
116,1362,13,29029,2024-02-14,Store2,W
116,1388,1,31812,2024-02-17,Store3,N
116,1389,67,1417720,2024-03-11,Store1,N
116,1391,1,21160,2024-03-17,Store1,N
116,1384,11,237292,2024-04-01,Store1,N
116,1378,43,422862,2024-04-03,Store2,W
116,1387,30,954360,2024-04-05,Store3,N
116,1375,18,607842,2024-04-20,Store7,E
116,1377,20,675380,2024-04-20,Store7,E
116,1368,1,33945,2024-04-28,Store5,S
117,1396,3,90132,2021-08-09,Store2,W
117,1392,61,1468575,2021-09-16,Store6,S
117,1401,26,744978,2022-01-17,Store7,E
117,1399,1,5056,2022-02-15,Store5,S
117,1407,8,179216,2022-06-02,Store4,E
117,1395,47,1412068,2022-07-19,Store2,W
117,1394,1,24075,2022-11-06,Store6,S
117,1405,2,57306,2022-11-11,Store7,E
117,1400,41,1174773,2023-01-15,Store7,E
117,1412,26,85306,2023-02-05,Store4,E
117,1423,1,29786,2023-03-11,Store2,W
117,1398,24,121344,2023-03-14,Store5,S
117,1420,1,29786,2023-03-31,Store2,W
117,1434,2,60058,2023-04-03,Store6,S
117,1404,2,57306,2023-04-18,Store7,E
117,1393,18,433350,2023-05-04,Store6,S
117,1410,2,44804,2023-06-14,Store4,E
117,1403,1,28653,2023-07-09,Store7,E
117,1419,1,29786,2023-07-13,Store2,W
117,1411,5,112010,2023-07-15,Store4,E
117,1430,37,1111073,2023-08-05,Store6,S
117,1427,5,94015,2023-08-07,Store7,E
117,1414,2,59572,2023-08-16,Store2,W
117,1397,25,126400,2023-08-24,Store5,S
117,1425,1,18803,2023-08-26,Store7,E
117,1424,74,1391422,2023-10-03,Store7,E
117,1406,34,761668,2023-10-05,Store4,E
117,1436,1,32442,2023-10-23,Store6,S
117,1417,1,29786,2023-10-24,Store2,W
117,1435,39,1265238,2023-11-02,Store6,S
117,1415,3,89358,2023-11-03,Store2,W
117,1428,2,37606,2023-11-18,Store7,E
117,1402,8,229224,2023-11-29,Store7,E
117,1418,1,29786,2023-12-03,Store2,W
117,1421,1,29786,2023-12-12,Store2,W
117,1431,4,120116,2023-12-28,Store6,S
117,1413,44,1310584,2023-12-31,Store2,W
117,1409,1,22402,2024-01-06,Store4,E
117,1408,29,649658,2024-02-19,Store4,E
117,1433,2,60058,2024-02-22,Store6,S
117,1429,1,18803,2024-02-26,Store7,E
117,1432,5,150145,2024-03-01,Store6,S
117,1416,4,119144,2024-03-24,Store2,W
117,1422,1,29786,2024-03-28,Store2,W
117,1426,7,131621,2024-04-07,Store7,E
118,1440,7,210343,2022-01-16,Store7,E
118,1441,2,60098,2022-06-20,Store7,E
118,1438,23,691127,2022-10-04,Store7,E
118,1439,1,30049,2023-01-22,Store7,E
118,1454,14,420028,2023-02-24,Store7,E
118,1447,18,67770,2023-03-19,Store7,E
118,1453,3,101076,2023-04-08,Store2,W
118,1449,1,3765,2023-05-02,Store7,E
118,1443,1,30049,2023-05-17,Store7,E
118,1442,10,300490,2023-06-10,Store7,E
118,1445,11,41415,2023-06-12,Store7,E
118,1458,1,30002,2023-06-25,Store7,E
118,1452,7,235844,2023-07-13,Store2,W
118,1451,6,202152,2023-07-17,Store2,W
118,1455,21,630042,2023-08-30,Store7,E
118,1450,34,1145528,2023-10-17,Store2,W
118,1448,8,30120,2023-12-06,Store7,E
118,1457,2,60004,2023-12-16,Store7,E
118,1444,1,30049,2024-01-13,Store7,E
118,1446,52,195780,2024-01-16,Store7,E
118,1437,15,450735,2024-04-23,Store7,E
118,1456,22,660044,2024-04-29,Store7,E
119,1464,85,1042865,2021-12-18,Store5,S
119,1469,5,19550,2022-02-15,Store2,W
119,1468,26,101660,2022-04-14,Store2,W
119,1463,3,25089,2022-08-22,Store4,E
119,1462,5,41815,2022-10-01,Store4,E
119,1461,7,58541,2022-11-11,Store4,E
119,1478,37,985828,2022-12-13,Store3,N
119,1477,1,26644,2023-01-30,Store3,N
119,1484,4,15652,2023-02-09,Store1,N
119,1494,3,33207,2023-02-14,Store3,N
119,1479,3,79932,2023-02-15,Store3,N
119,1476,1,26644,2023-03-08,Store3,N
119,1481,29,113477,2023-03-26,Store1,N
119,1485,1,3913,2023-04-07,Store1,N
119,1489,8,88552,2023-04-12,Store3,N
119,1459,80,2602560,2023-04-29,Store4,E
119,1473,30,810990,2023-05-17,Store7,E
119,1493,1,11069,2023-05-20,Store3,N
119,1474,2,54066,2023-06-12,Store7,E
119,1480,1,26644,2023-06-16,Store3,N
119,1475,27,719388,2023-06-29,Store3,N
119,1483,3,11739,2023-07-12,Store1,N
119,1488,10,110690,2023-07-12,Store3,N
119,1492,12,132828,2023-09-02,Store3,N
119,1470,8,31280,2023-09-04,Store2,W
119,1471,1,3910,2023-09-21,Store2,W
119,1490,5,55345,2023-09-26,Store3,N
119,1482,11,43043,2023-10-01,Store1,N
119,1466,1,12269,2023-11-10,Store5,S
119,1486,1,3913,2023-11-27,Store1,N
119,1472,58,1567914,2023-12-01,Store7,E
119,1467,3,36807,2023-12-10,Store5,S
119,1495,16,238992,2023-12-13,Store3,N
119,1460,45,376335,2023-12-14,Store4,E
119,1465,1,12269,2023-12-21,Store5,S
119,1497,34,847960,2023-12-30,Store1,N
119,1491,11,121759,2024-01-24,Store3,N
119,1487,1,3913,2024-02-04,Store1,N
119,1496,20,298740,2024-02-06,Store3,N
119,1498,6,149640,2024-02-17,Store1,N
120,1500,28,341124,2022-02-14,Store3,N
120,1501,1,12183,2022-06-19,Store3,N
120,1503,1,12183,2022-12-06,Store3,N
120,1510,1,33068,2023-01-29,Store2,W
120,1509,4,132272,2023-02-19,Store2,W
120,1505,16,529088,2023-02-24,Store2,W
120,1499,44,536052,2023-02-27,Store3,N
120,1518,2,18000,2023-04-02,Store2,W
120,1504,37,1223516,2023-04-04,Store2,W
120,1512,61,1248853,2023-04-05,Store3,N
120,1511,1,33068,2023-05-02,Store2,W
120,1517,86,774000,2023-07-09,Store2,W
120,1515,3,61419,2023-09-01,Store3,N
120,1508,3,99204,2023-10-01,Store2,W
120,1516,2,40946,2023-10-05,Store3,N
120,1520,1,9000,2023-10-10,Store2,W
120,1513,10,204730,2023-10-17,Store3,N
120,1519,1,9000,2023-12-27,Store2,W
120,1506,6,198408,2024-01-09,Store2,W
120,1507,22,727496,2024-03-10,Store2,W
120,1514,4,81892,2024-04-18,Store3,N
120,1502,6,73098,2024-04-25,Store3,N
121,1521,18,573912,2022-09-04,Store3,N
121,1522,11,350724,2022-11-02,Store3,N
121,1524,2,63768,2022-11-27,Store3,N
121,1534,6,118686,2022-12-27,Store7,E
121,1529,14,276934,2023-01-27,Store7,E
121,1537,1,26657,2023-02-15,Store2,W
121,1528,13,257153,2023-03-24,Store7,E
121,1526,3,95652,2023-04-08,Store3,N
121,1523,1,31884,2023-04-20,Store3,N
121,1531,6,118686,2023-06-30,Store7,E
121,1542,2,39138,2023-07-26,Store3,N
121,1532,16,316496,2023-08-02,Store7,E
121,1535,74,1972618,2023-09-05,Store2,W
121,1525,2,63768,2023-09-13,Store3,N
121,1533,4,79124,2023-09-19,Store7,E
121,1536,5,133285,2023-09-23,Store2,W
121,1543,1,19569,2023-09-25,Store3,N
121,1530,11,217591,2023-11-12,Store7,E
121,1540,16,313104,2023-11-24,Store3,N
121,1544,5,60480,2023-12-25,Store2,W
121,1539,7,136983,2023-12-30,Store3,N
121,1551,1,13982,2024-01-06,Store6,S
121,1545,15,181440,2024-01-20,Store2,W
121,1549,21,293622,2024-02-22,Store6,S
121,1550,2,27964,2024-02-23,Store6,S
121,1546,15,181440,2024-02-25,Store2,W
121,1548,36,503352,2024-03-24,Store6,S
121,1538,4,78276,2024-03-26,Store3,N
121,1527,3,95652,2024-03-28,Store3,N
121,1541,20,391380,2024-04-05,Store3,N
121,1547,15,181440,2024-04-28,Store2,W
122,1552,19,52193,2021-04-01,Store2,W
122,1558,1,2747,2021-05-06,Store2,W
122,1556,2,5494,2021-10-10,Store2,W
122,1568,1,31099,2022-02-14,Store2,W
122,1566,24,746376,2022-04-27,Store2,W
122,1569,18,148428,2022-05-14,Store3,N
122,1571,10,82460,2022-09-19,Store3,N
122,1572,6,49476,2022-10-16,Store3,N
122,1555,2,5494,2022-10-25,Store2,W
122,1564,1,11976,2022-11-16,Store5,S
122,1553,25,68675,2022-11-26,Store2,W
122,1573,2,16492,2022-12-22,Store3,N
122,1561,25,299400,2023-02-04,Store5,S
122,1565,43,1337257,2023-03-30,Store2,W
122,1575,14,451682,2023-05-26,Store5,S
122,1562,4,47904,2023-06-03,Store5,S
122,1560,17,203592,2023-06-12,Store5,S
122,1574,38,1225994,2023-07-15,Store5,S
122,1576,8,258104,2023-08-13,Store5,S
122,1563,6,71856,2023-08-31,Store5,S
122,1581,9,74556,2023-12-03,Store2,W
122,1583,1,8284,2023-12-29,Store2,W
122,1591,2,23886,2024-01-17,Store2,W
122,1585,46,1238688,2024-01-18,Store6,S
122,1559,34,407184,2024-01-20,Store5,S
122,1589,1,26928,2024-02-01,Store6,S
122,1567,2,62198,2024-02-03,Store2,W
122,1579,19,157396,2024-02-15,Store2,W
122,1584,19,511632,2024-02-20,Store6,S
122,1582,1,8284,2024-02-22,Store2,W
122,1596,21,684243,2024-03-02,Store7,E
122,1557,3,8241,2024-03-05,Store2,W
122,1592,1,11943,2024-03-06,Store2,W
122,1578,31,256804,2024-03-10,Store2,W
122,1587,1,26928,2024-03-12,Store6,S
122,1598,6,195498,2024-03-21,Store7,E
122,1570,54,445284,2024-03-22,Store3,N
122,1595,3,97749,2024-03-22,Store7,E
122,1590,37,441891,2024-04-02,Store2,W
122,1586,2,53856,2024-04-03,Store6,S
122,1597,2,65166,2024-04-08,Store7,E
122,1588,1,26928,2024-04-13,Store6,S
122,1577,25,207100,2024-04-15,Store2,W
122,1593,1,32583,2024-04-18,Store7,E
122,1580,4,33136,2024-04-23,Store2,W
122,1594,47,1531401,2024-04-24,Store7,E
122,1554,18,49446,2024-04-27,Store2,W
123,1604,7,140588,2022-10-31,Store1,N
123,1610,3,75036,2022-12-01,Store4,E
123,1601,19,381596,2022-12-19,Store1,N
123,1612,1,19024,2022-12-26,Store3,N
123,1605,2,40168,2023-04-22,Store1,N
123,1606,1,20084,2023-05-25,Store1,N
123,1603,3,60252,2023-06-25,Store1,N
123,1609,7,175084,2023-07-11,Store4,E
123,1611,39,741936,2023-08-23,Store3,N
123,1607,33,825396,2023-09-01,Store4,E
123,1617,19,350512,2023-11-02,Store4,E
123,1615,4,73792,2023-11-19,Store4,E
123,1599,90,1679490,2023-12-17,Store2,W
123,1613,2,36896,2023-12-27,Store4,E
123,1618,1,18448,2024-01-21,Store4,E
123,1623,5,142030,2024-01-24,Store1,N
123,1600,21,421764,2024-01-27,Store1,N
123,1614,20,368960,2024-01-30,Store4,E
123,1608,12,300144,2024-02-09,Store4,E
123,1621,2,36896,2024-02-11,Store4,E
123,1616,9,166032,2024-02-15,Store4,E
123,1625,10,284060,2024-03-05,Store1,N
123,1619,1,18448,2024-03-14,Store4,E
123,1624,1,28406,2024-03-22,Store1,N
123,1620,2,36896,2024-04-01,Store4,E
123,1622,54,1533924,2024-04-02,Store1,N
123,1602,17,341428,2024-04-19,Store1,N
124,1626,7,218554,2021-08-14,Store2,W
124,1638,2,14088,2022-06-22,Store3,N
124,1627,29,905438,2022-07-14,Store2,W
124,1640,8,56352,2022-08-27,Store3,N
124,1639,3,21132,2022-08-30,Store3,N
124,1630,59,1887528,2022-09-26,Store2,W
124,1633,7,179536,2022-09-30,Store6,S
124,1632,10,256480,2022-12-05,Store6,S
124,1628,7,218554,2022-12-21,Store2,W
124,1629,7,218554,2023-01-16,Store2,W
124,1636,3,21132,2023-01-18,Store3,N
124,1643,3,15669,2023-02-17,Store6,S
124,1647,24,319680,2023-03-15,Store1,N
124,1634,13,91572,2023-04-11,Store3,N
124,1642,5,26115,2023-06-15,Store6,S
124,1644,30,399600,2023-09-11,Store1,N
124,1645,24,319680,2023-09-11,Store1,N
124,1635,33,232452,2023-10-01,Store3,N
124,1637,18,126792,2023-10-31,Store3,N
124,1652,41,1134060,2023-11-29,Store2,W
124,1648,31,372558,2023-12-11,Store1,N
124,1649,1,12018,2023-12-20,Store1,N
124,1651,2,24036,2024-01-14,Store1,N
124,1654,7,85827,2024-01-14,Store5,S
124,1641,72,376056,2024-01-18,Store6,S
124,1655,3,36783,2024-02-17,Store5,S
124,1658,3,54930,2024-03-06,Store1,N
124,1653,30,367830,2024-03-08,Store5,S
124,1656,1,18310,2024-03-21,Store1,N
124,1650,5,60090,2024-03-27,Store1,N
124,1631,1,31992,2024-04-09,Store2,W
124,1646,2,26640,2024-04-24,Store1,N
124,1657,5,91550,2024-04-26,Store1,N
125,1660,12,217572,2023-01-10,Store2,W
125,1659,54,979074,2023-09-09,Store2,W
125,1663,34,959072,2023-11-23,Store4,E
125,1661,14,253834,2023-12-21,Store2,W
125,1662,24,676992,2024-04-09,Store4,E
126,1669,2,64418,2022-01-06,Store2,W
126,1665,6,204288,2022-01-24,Store6,S
126,1672,2,64418,2022-02-10,Store2,W
126,1670,42,1352778,2022-02-12,Store2,W
126,1668,1,34048,2022-02-26,Store6,S
126,1667,3,102144,2022-04-14,Store6,S
126,1675,31,333994,2022-05-01,Store3,N
126,1664,24,817152,2022-05-20,Store6,S
126,1671,3,96627,2022-10-02,Store2,W
126,1679,12,104340,2023-01-13,Store2,W
126,1678,5,43475,2023-03-17,Store2,W
126,1676,1,10774,2023-07-13,Store3,N
126,1674,8,86192,2023-11-11,Store3,N
126,1682,21,595875,2023-11-21,Store5,S
126,1680,4,34780,2023-12-02,Store2,W
126,1684,2,56750,2023-12-04,Store5,S
126,1688,53,415414,2023-12-13,Store2,W
126,1687,9,70542,2024-01-11,Store2,W
126,1685,6,170250,2024-01-18,Store5,S
126,1666,6,204288,2024-01-27,Store6,S
126,1683,1,28375,2024-01-30,Store5,S
126,1689,6,47028,2024-02-19,Store2,W
126,1681,47,1333625,2024-02-24,Store5,S
126,1686,3,85125,2024-02-27,Store5,S
126,1690,2,15676,2024-03-27,Store2,W
126,1677,19,165205,2024-04-22,Store2,W
126,1673,1,32209,2024-04-27,Store2,W
127,1691,21,1771665,2022-06-12,Store2,W
127,1697,2,32244,2022-07-18,Store2,W
127,1695,11,177342,2022-09-01,Store2,W
127,1693,1,84365,2023-02-11,Store2,W
127,1699,1,175496,2023-02-17,Store5,S
127,1704,13,1486758,2023-06-01,Store7,E
127,1701,23,829748,2023-07-16,Store4,E
127,1703,8,914928,2023-07-18,Store7,E
127,1706,2,228732,2023-07-31,Store7,E
127,1700,57,2056332,2023-08-16,Store4,E
127,1705,2,228732,2023-09-14,Store7,E
127,1694,76,1225272,2023-10-06,Store2,W
127,1692,3,253095,2023-11-14,Store2,W
127,1696,1,16122,2023-11-27,Store2,W
127,1708,3,382200,2023-12-03,Store2,W
127,1707,42,5350800,2024-01-20,Store2,W
127,1698,34,5966864,2024-01-26,Store5,S
127,1702,7,252532,2024-04-17,Store4,E
127,1709,20,2595560,2024-04-30,Store4,E
128,1712,6,330840,2021-02-23,Store2,W
128,1713,2,223574,2021-11-01,Store5,S
128,1710,30,1654200,2022-04-05,Store2,W
128,1724,12,2168544,2022-09-20,Store3,N
128,1721,1,24760,2022-10-10,Store7,E
128,1711,4,220560,2022-10-20,Store2,W
128,1731,17,1704505,2023-01-16,Store2,W
128,1727,1,144791,2023-03-18,Store3,N
128,1735,2,286196,2023-03-21,Store2,W
128,1719,2,49520,2023-06-06,Store7,E
128,1720,2,49520,2023-07-15,Store7,E
128,1723,2,361424,2023-07-30,Store3,N
128,1722,19,3433528,2023-08-03,Store3,N
128,1718,7,173320,2023-08-13,Store7,E
128,1714,17,1900379,2023-10-06,Store5,S
128,1733,4,572392,2023-10-08,Store2,W
128,1729,2,200530,2023-10-21,Store2,W
128,1734,9,1287882,2023-11-27,Store2,W
128,1725,7,1013537,2023-11-30,Store3,N
128,1740,9,466488,2023-12-14,Store2,W
128,1717,3,74280,2023-12-15,Store7,E
128,1739,2,103664,2023-12-18,Store2,W
128,1715,1,111787,2023-12-28,Store5,S
128,1738,6,310992,2024-01-13,Store2,W
128,1732,2,200530,2024-01-31,Store2,W
128,1716,65,1609400,2024-02-06,Store7,E
128,1737,1,51832,2024-02-27,Store2,W
128,1741,2,103664,2024-02-29,Store2,W
128,1726,2,289582,2024-03-01,Store3,N
128,1748,1,184618,2024-03-01,Store6,S
128,1745,2,369236,2024-03-05,Store6,S
128,1730,11,1102915,2024-03-09,Store2,W
128,1742,6,1107708,2024-03-14,Store6,S
128,1728,13,1303445,2024-03-16,Store2,W
128,1746,3,553854,2024-03-17,Store6,S
128,1744,4,738472,2024-03-22,Store6,S
128,1749,1,184618,2024-03-23,Store6,S
128,1747,1,184618,2024-04-21,Store6,S
128,1736,9,684477,2024-04-27,Store4,E
128,1743,2,369236,2024-04-28,Store6,S
129,1759,1,145389,2023-04-01,Store3,N
129,1751,1,106569,2023-04-04,Store4,E
129,1754,6,872334,2023-04-07,Store3,N
129,1757,16,2326224,2023-04-18,Store3,N
129,1756,10,1453890,2023-05-12,Store3,N
129,1752,1,106569,2023-05-31,Store4,E
129,1758,1,145389,2023-09-30,Store3,N
129,1750,4,426276,2024-02-01,Store4,E
129,1755,11,1599279,2024-04-03,Store3,N
129,1753,4,426276,2024-04-15,Store4,E
130,1767,1,64973,2022-06-15,Store2,W
130,1766,2,370906,2022-09-03,Store1,N
130,1762,2,234438,2022-09-19,Store2,W
130,1769,18,1169514,2022-10-23,Store2,W
130,1764,1,117219,2023-03-16,Store2,W
130,1760,3,351657,2023-04-07,Store2,W
130,1763,2,234438,2023-05-02,Store2,W
130,1774,1,145631,2023-08-14,Store7,E
130,1772,7,1019417,2023-08-25,Store7,E
130,1773,3,436893,2023-11-03,Store7,E
130,1768,23,1494379,2023-11-04,Store2,W
130,1761,7,820533,2023-12-14,Store2,W
130,1765,8,1483624,2024-01-28,Store1,N
130,1771,4,582524,2024-02-14,Store7,E
130,1770,3,194919,2024-04-12,Store2,W
131,1778,1,171816,2022-03-12,Store4,E
131,1775,5,859080,2022-04-21,Store4,E
131,1789,4,676516,2022-12-02,Store4,E
131,1787,3,507387,2022-12-16,Store4,E
131,1781,19,2636630,2023-01-01,Store4,E
131,1777,1,171816,2023-01-05,Store4,E
131,1780,2,343632,2023-01-17,Store4,E
131,1779,2,343632,2023-04-26,Store4,E
131,1793,1,48479,2023-05-17,Store3,N
131,1785,15,2536935,2023-07-09,Store4,E
131,1790,9,436311,2023-09-05,Store3,N
131,1783,6,832620,2023-09-09,Store4,E
131,1788,1,169129,2023-10-13,Store4,E
131,1784,2,277540,2023-10-19,Store4,E
131,1792,7,339353,2024-01-12,Store3,N
131,1798,1,8917,2024-01-28,Store4,E
131,1797,1,8917,2024-02-04,Store4,E
131,1786,22,3720838,2024-02-06,Store4,E
131,1776,19,3264504,2024-02-08,Store4,E
131,1782,13,1804010,2024-02-09,Store4,E
131,1796,2,17834,2024-02-14,Store4,E
131,1794,65,579605,2024-03-30,Store4,E
131,1791,18,872622,2024-04-03,Store3,N
131,1795,11,98087,2024-04-20,Store4,E
132,1800,1,44488,2022-02-11,Store4,E
132,1799,66,2936208,2022-04-16,Store4,E
132,1802,1,44488,2023-04-17,Store4,E
132,1803,2,315498,2023-06-17,Store7,E
132,1801,2,88976,2023-08-18,Store4,E
132,1805,2,315498,2023-08-26,Store7,E
132,1804,5,788745,2023-09-04,Store7,E
132,1806,2,126362,2023-11-26,Store1,N
132,1813,2,38570,2023-12-23,Store4,E
132,1810,1,63181,2024-01-08,Store1,N
132,1816,1,107202,2024-01-18,Store5,S
132,1815,17,1822434,2024-01-26,Store5,S
132,1812,21,404985,2024-01-30,Store4,E
132,1807,8,505448,2024-02-11,Store1,N
132,1808,8,505448,2024-02-17,Store1,N
132,1827,2,64346,2024-02-23,Store2,W
132,1814,9,173565,2024-02-26,Store4,E
132,1822,1,178343,2024-02-27,Store2,W
132,1826,4,128692,2024-02-27,Store2,W
132,1828,1,32173,2024-02-29,Store2,W
132,1820,3,535029,2024-03-05,Store2,W
132,1824,2,64346,2024-03-05,Store2,W
132,1817,2,214404,2024-03-07,Store5,S
132,1830,19,331968,2024-03-23,Store6,S
132,1811,48,925680,2024-04-07,Store4,E
132,1818,1,178343,2024-04-07,Store2,W
132,1825,4,128692,2024-04-07,Store2,W
132,1823,27,868671,2024-04-08,Store2,W
132,1829,53,926016,2024-04-10,Store6,S
132,1819,9,1605087,2024-04-14,Store2,W
132,1809,1,63181,2024-04-20,Store1,N
132,1821,1,178343,2024-04-21,Store2,W
133,1840,3,532902,2021-12-07,Store3,N
133,1835,1,123108,2022-01-08,Store5,S
133,1834,1,123108,2022-04-27,Store5,S
133,1831,24,2954592,2022-07-15,Store5,S
133,1833,1,123108,2022-10-06,Store5,S
133,1841,1,177634,2023-02-13,Store3,N
133,1832,3,369324,2023-06-09,Store5,S
133,1836,35,2757370,2023-06-19,Store6,S
133,1837,1,177634,2023-10-08,Store3,N
133,1838,4,710536,2023-12-11,Store3,N
133,1843,3,123918,2024-01-29,Store2,W
133,1844,1,41306,2024-03-01,Store2,W
133,1842,66,2726196,2024-03-20,Store2,W
133,1839,6,1065804,2024-04-29,Store3,N
134,1854,4,758248,2022-01-22,Store2,W
134,1863,8,888792,2022-03-15,Store1,N
134,1865,4,130332,2022-03-16,Store6,S
134,1868,4,130332,2022-05-25,Store6,S
134,1870,14,824726,2022-06-06,Store6,S
134,1855,2,379124,2022-07-12,Store2,W
134,1848,1,40134,2022-08-16,Store7,E
134,1861,9,712971,2022-10-06,Store2,W
134,1851,1,155636,2022-10-22,Store6,S
134,1867,9,293247,2022-11-09,Store6,S
134,1871,1,58909,2022-12-02,Store6,S
134,1849,1,40134,2023-01-13,Store7,E
134,1852,29,5497298,2023-01-20,Store2,W
134,1860,6,569670,2023-01-27,Store5,S
134,1856,5,947810,2023-03-08,Store2,W
134,1869,1,32583,2023-03-10,Store6,S
134,1857,12,1139340,2023-04-04,Store5,S
134,1866,32,1042656,2023-04-08,Store6,S
134,1850,29,4513444,2023-07-16,Store6,S
134,1846,26,1043484,2023-07-18,Store7,E
134,1864,2,222198,2023-08-11,Store1,N
134,1858,11,1044395,2023-08-25,Store5,S
134,1859,1,94945,2023-11-02,Store5,S
134,1862,1,79219,2023-12-27,Store2,W
134,1845,31,1244154,2023-12-31,Store7,E
134,1847,21,842814,2024-02-29,Store7,E
134,1853,5,947810,2024-04-14,Store2,W
135,1878,7,189910,2022-01-29,Store7,E
135,1876,2,54260,2022-02-06,Store7,E
135,1880,16,434080,2022-05-24,Store7,E
135,1874,16,1627872,2022-08-28,Store3,N
135,1873,16,1627872,2022-10-05,Store3,N
135,1881,1,27130,2022-10-26,Store7,E
135,1879,9,244170,2023-07-17,Store7,E
135,1877,13,352690,2023-10-30,Store7,E
135,1872,8,813936,2023-12-07,Store3,N
135,1882,24,1160304,2024-02-23,Store5,S
135,1883,1,48346,2024-03-26,Store5,S
135,1875,17,461210,2024-04-13,Store7,E
136,1892,6,1118448,2023-01-29,Store2,W
136,1885,51,388926,2023-02-09,Store4,E
136,1888,2,15252,2023-04-18,Store4,E
136,1893,1,186408,2023-04-20,Store2,W
136,1890,6,1118448,2023-04-29,Store2,W
136,1895,2,372816,2023-07-20,Store2,W
136,1886,7,53382,2023-08-19,Store4,E
136,1889,1,7626,2023-08-30,Store4,E
136,1884,4,30504,2023-09-19,Store4,E
136,1891,28,5219424,2023-09-20,Store2,W
136,1887,5,38130,2023-09-24,Store4,E
136,1899,8,66568,2024-01-03,Store5,S
136,1900,1,8321,2024-01-10,Store5,S
136,1901,2,16642,2024-02-02,Store5,S
136,1894,2,372816,2024-02-04,Store2,W
136,1896,6,49926,2024-03-16,Store5,S
136,1898,10,83210,2024-04-15,Store5,S
136,1902,2,16642,2024-04-24,Store5,S
136,1897,31,257951,2024-04-30,Store5,S
137,1911,3,84057,2022-02-04,Store7,E
137,1910,1,28019,2022-10-07,Store7,E
137,1909,1,28019,2022-11-20,Store7,E
137,1915,1,87433,2023-01-09,Store1,N
137,1905,1,101092,2023-03-14,Store2,W
137,1914,4,349732,2023-04-01,Store1,N
137,1903,5,505460,2023-06-26,Store2,W
137,1916,9,76743,2023-07-07,Store4,E
137,1918,43,366661,2023-08-19,Store4,E
137,1907,47,1316893,2023-09-21,Store7,E
137,1917,8,68216,2023-10-04,Store4,E
137,1904,3,303276,2023-10-27,Store2,W
137,1913,16,1398928,2023-12-04,Store1,N
137,1906,1,101092,2023-12-19,Store2,W
137,1920,1,128430,2024-01-13,Store3,N
137,1922,1,128430,2024-01-17,Store3,N
137,1908,28,784532,2024-01-24,Store7,E
137,1921,13,1669590,2024-02-19,Store3,N
137,1924,15,169170,2024-02-23,Store5,S
137,1931,8,201720,2024-02-23,Store1,N
137,1912,19,1661227,2024-02-24,Store1,N
137,1930,17,428655,2024-02-28,Store1,N
137,1928,8,90224,2024-02-29,Store5,S
137,1923,1,128430,2024-03-03,Store3,N
137,1933,11,277365,2024-03-11,Store1,N
137,1925,7,78946,2024-03-20,Store5,S
137,1926,32,360896,2024-03-25,Store5,S
137,1919,4,513720,2024-03-28,Store3,N
137,1927,7,78946,2024-03-29,Store5,S
137,1934,1,25215,2024-03-30,Store1,N
137,1932,2,50430,2024-04-10,Store1,N
137,1929,1,11278,2024-04-30,Store5,S
138,1935,9,489528,2022-02-11,Store6,S
138,1939,24,4100760,2022-03-04,Store3,N
138,1940,2,341730,2022-09-05,Store3,N
138,1937,6,326352,2023-01-20,Store6,S
138,1945,1,177832,2023-02-22,Store3,N
138,1944,16,2845312,2023-03-25,Store3,N
138,1943,13,2311816,2023-06-04,Store3,N
138,1938,1,54392,2023-09-03,Store6,S
138,1941,2,341730,2023-10-14,Store3,N
138,1942,2,341730,2023-10-21,Store3,N
138,1946,8,610992,2023-12-26,Store4,E
138,1947,2,152748,2024-01-28,Store4,E
138,1936,34,1849328,2024-02-28,Store6,S
139,1950,1,167883,2022-02-20,Store5,S
139,1957,10,1333990,2022-02-21,Store5,S
139,1955,2,266798,2022-05-04,Store5,S
139,1961,22,2903186,2022-07-29,Store2,W
139,1954,6,800394,2022-07-30,Store5,S
139,1960,8,1055704,2022-08-23,Store2,W
139,1956,5,666995,2022-09-19,Store5,S
139,1964,12,980568,2022-11-19,Store2,W
139,1953,6,428052,2023-01-15,Store6,S
139,1951,3,503649,2023-01-29,Store5,S
139,1962,15,1225710,2023-02-16,Store2,W
139,1969,17,90678,2023-02-21,Store5,S
139,1973,6,399756,2023-02-27,Store2,W
139,1959,1,133399,2023-03-13,Store5,S
139,1967,28,1957116,2023-04-22,Store1,N
139,1966,1,50457,2023-05-01,Store1,N
139,1971,2,10668,2023-08-01,Store5,S
139,1976,1,66626,2023-08-12,Store2,W
139,1965,9,454113,2023-09-20,Store1,N
139,1963,3,245142,2023-09-24,Store2,W
139,1975,4,266504,2023-09-26,Store2,W
139,1968,3,16002,2023-11-04,Store5,S
139,1949,2,335766,2023-11-21,Store5,S
139,1974,9,599634,2023-11-29,Store2,W
139,1948,29,4868607,2023-12-14,Store5,S
139,1972,1,5334,2024-02-04,Store5,S
139,1970,17,90678,2024-02-09,Store5,S
139,1958,1,133399,2024-03-02,Store5,S
139,1952,9,642078,2024-03-16,Store6,S
140,1977,10,324110,2021-10-20,Store7,E
140,1978,30,972330,2022-04-23,Store7,E
140,1982,2,93318,2022-09-11,Store6,S
140,1979,9,419931,2022-09-20,Store6,S
140,1988,18,2909088,2022-12-27,Store2,W
140,1987,9,1454544,2023-02-27,Store2,W
140,1990,16,2729680,2023-04-04,Store2,W
140,1986,1,88161,2023-06-19,Store2,W
140,1980,1,46659,2023-07-19,Store6,S
140,1984,1,88161,2023-07-29,Store2,W
140,1985,1,88161,2023-07-29,Store2,W
140,1983,7,617127,2023-09-03,Store2,W
140,1994,1,170605,2023-09-18,Store2,W
140,1991,5,853025,2023-11-06,Store2,W
140,1989,3,484848,2023-11-26,Store2,W
140,1992,1,170605,2023-12-06,Store2,W
140,1995,27,4445928,2023-12-20,Store2,W
140,1999,1,13303,2024-01-12,Store5,S
140,1997,61,811483,2024-01-24,Store5,S
140,1996,8,1317312,2024-01-26,Store2,W
140,1993,2,341210,2024-02-26,Store2,W
140,1981,3,139977,2024-04-14,Store6,S
140,1998,18,239454,2024-04-26,Store5,S
141,2005,2,43602,2022-12-10,Store7,E
141,2001,12,261612,2022-12-30,Store7,E
141,2004,3,65403,2023-02-09,Store7,E
141,2006,31,4201833,2023-03-05,Store5,S
141,2007,13,1762059,2023-05-31,Store5,S
141,2000,24,523224,2023-06-09,Store7,E
141,2003,1,21801,2023-08-28,Store7,E
141,2009,10,1176800,2023-11-17,Store2,W
141,2002,8,174408,2024-02-29,Store7,E
141,2011,10,984920,2024-03-08,Store1,N
141,2010,11,1083412,2024-03-09,Store1,N
141,2012,4,393968,2024-03-17,Store1,N
141,2008,1,135543,2024-03-26,Store5,S
142,2019,20,2096160,2022-02-14,Store4,E
142,2038,1,179679,2022-03-30,Store4,E
142,2023,1,104808,2022-05-01,Store4,E
142,2013,21,1087359,2022-05-04,Store3,N
142,2015,11,604483,2022-05-05,Store3,N
142,2034,13,2335827,2022-05-07,Store4,E
142,2027,11,834009,2022-06-06,Store4,E
142,2036,6,1078074,2022-10-10,Store4,E
142,2029,80,3652400,2022-12-24,Store4,E
142,2032,1,107725,2022-12-29,Store2,W
142,2033,2,215450,2023-01-14,Store2,W
142,2045,5,368910,2023-03-01,Store2,W
142,2024,20,2354420,2023-03-08,Store1,N
142,2022,1,104808,2023-03-10,Store4,E
142,2018,2,109906,2023-04-16,Store3,N
142,2041,6,114168,2023-05-05,Store2,W
142,2016,4,219812,2023-05-12,Store3,N
142,2042,10,190280,2023-05-13,Store2,W
142,2037,4,718716,2023-05-17,Store4,E
142,2028,3,227457,2023-05-19,Store4,E
142,2020,14,1467312,2023-06-03,Store4,E
142,2025,10,758190,2023-06-12,Store4,E
142,2049,1,73782,2023-06-30,Store2,W
142,2048,1,73782,2023-07-20,Store2,W
142,2043,1,19028,2023-08-07,Store2,W
142,2044,4,76112,2023-08-15,Store2,W
142,2026,1,75819,2023-08-28,Store4,E
142,2014,14,724906,2023-11-14,Store3,N
142,2040,8,152224,2023-12-19,Store2,W
142,2017,3,164859,2023-12-31,Store3,N
142,2030,29,3124025,2024-01-25,Store2,W
142,2039,31,589868,2024-02-25,Store2,W
142,2031,3,323175,2024-03-03,Store2,W
142,2046,7,516474,2024-03-21,Store2,W
142,2021,4,419232,2024-04-11,Store4,E
142,2035,1,179679,2024-04-14,Store4,E
142,2047,1,73782,2024-04-22,Store2,W
143,2051,3,543273,2022-02-13,Store2,W
143,2058,14,2607584,2022-05-22,Store3,N
143,2052,4,724364,2022-06-21,Store2,W
143,2065,2,254254,2022-06-21,Store2,W
143,2050,3,543273,2022-08-27,Store2,W
143,2066,1,127127,2022-10-29,Store2,W
143,2074,1,64485,2022-12-20,Store5,S
143,2057,10,1862560,2023-01-15,Store3,N
143,2053,1,181091,2023-02-01,Store2,W
143,2078,1,11432,2023-02-19,Store6,S
143,2055,3,543273,2023-02-28,Store2,W
143,2073,2,128970,2023-04-02,Store5,S
143,2069,17,2097494,2023-04-13,Store4,E
143,2067,3,370146,2023-05-14,Store4,E
143,2079,5,57160,2023-05-17,Store6,S
143,2076,35,400120,2023-08-02,Store6,S
143,2075,12,137184,2023-08-07,Store6,S
143,2060,2,158608,2023-08-19,Store6,S
143,2064,1,127127,2023-08-28,Store2,W
143,2062,6,762762,2023-09-04,Store2,W
143,2070,2,246764,2023-09-17,Store4,E
143,2054,1,181091,2023-10-12,Store2,W
143,2068,10,1233820,2023-10-13,Store4,E
143,2077,7,80024,2023-10-14,Store6,S
143,2061,5,396520,2023-10-29,Store6,S
143,2056,1,186256,2023-11-29,Store3,N
143,2071,35,2256975,2023-11-30,Store5,S
143,2063,5,635635,2024-01-09,Store2,W
143,2059,8,634432,2024-02-24,Store6,S
143,2081,2,369000,2024-03-05,Store4,E
143,2080,15,2767500,2024-04-07,Store4,E
143,2082,6,1107000,2024-04-14,Store4,E
143,2072,2,128970,2024-04-17,Store5,S
144,2084,1,181847,2023-01-04,Store3,N
144,2090,1,54962,2023-02-05,Store1,N
144,2083,39,7092033,2023-03-06,Store3,N
144,2085,11,604582,2023-04-29,Store1,N
144,2089,1,54962,2023-07-23,Store1,N
144,2092,3,554304,2023-12-01,Store1,N
144,2088,1,54962,2023-12-27,Store1,N
144,2095,2,157324,2024-01-01,Store3,N
144,2093,20,1573240,2024-01-24,Store3,N
144,2094,17,1337254,2024-02-02,Store3,N
144,2086,9,494658,2024-02-25,Store1,N
144,2091,17,3141056,2024-03-29,Store1,N
144,2087,7,384734,2024-04-08,Store1,N
144,2096,1,78662,2024-04-16,Store3,N
145,2097,25,1002575,2022-01-27,Store4,E
145,2103,37,1237650,2022-05-22,Store6,S
145,2099,2,80206,2022-07-06,Store4,E
145,2102,2,66900,2022-09-08,Store6,S
145,2101,2,80206,2022-12-21,Store4,E
145,2104,1,33450,2023-04-02,Store6,S
145,2100,4,160412,2023-07-04,Store4,E
145,2098,7,280721,2023-08-22,Store4,E
145,2105,73,1288231,2023-12-25,Store2,W
145,2108,6,105882,2024-02-16,Store2,W
145,2107,2,35294,2024-03-04,Store2,W
145,2106,9,158823,2024-04-27,Store2,W
146,2110,3,127119,2021-10-20,Store5,S
146,2109,25,1059325,2021-12-30,Store5,S
146,2116,18,1267308,2022-02-19,Store6,S
146,2124,11,384901,2022-05-01,Store7,E
146,2128,6,190116,2022-05-02,Store1,N
146,2113,62,1664204,2022-08-09,Store4,E
146,2117,2,140812,2022-09-29,Store6,S
146,2114,6,161052,2022-11-15,Store4,E
146,2129,2,63372,2023-01-09,Store1,N
146,2126,23,728778,2023-03-03,Store1,N
146,2122,9,314919,2023-03-08,Store7,E
146,2119,1,70406,2023-05-27,Store6,S
146,2127,20,633720,2023-05-31,Store1,N
146,2112,1,42373,2023-06-09,Store5,S
146,2125,17,538662,2023-07-29,Store1,N
146,2118,4,281624,2023-08-25,Store6,S
146,2111,1,42373,2023-09-21,Store5,S
146,2138,7,324030,2023-10-23,Store2,W
146,2133,2,120860,2023-11-03,Store7,E
146,2132,16,966880,2023-11-15,Store7,E
146,2141,28,353024,2023-12-15,Store6,S
146,2143,2,25216,2023-12-19,Store6,S
146,2137,1,46290,2023-12-23,Store2,W
146,2136,26,1203540,2023-12-24,Store2,W
146,2131,12,725160,2023-12-25,Store7,E
146,2121,8,279928,2023-12-26,Store7,E
146,2134,8,370320,2024-01-12,Store2,W
146,2130,2,63372,2024-01-23,Store1,N
146,2115,2,53684,2024-01-31,Store4,E
146,2123,4,139964,2024-02-15,Store7,E
146,2135,47,2175630,2024-02-25,Store2,W
146,2144,1,12608,2024-02-26,Store6,S
146,2140,26,327808,2024-02-28,Store6,S
146,2139,1,46290,2024-03-01,Store2,W
146,2147,24,760032,2024-03-21,Store2,W
146,2142,23,289984,2024-04-01,Store6,S
146,2120,28,979748,2024-04-07,Store7,E
146,2145,8,253344,2024-04-08,Store2,W
146,2146,3,95004,2024-04-09,Store2,W
147,2148,43,1476319,2022-01-22,Store5,S
147,2151,38,1638028,2022-05-01,Store3,N
147,2152,2,86212,2022-11-21,Store3,N
147,2156,21,1316763,2023-01-14,Store2,W
147,2158,2,125406,2023-03-03,Store2,W
147,2154,1,43106,2023-03-07,Store3,N
147,2150,28,961324,2023-08-10,Store5,S
147,2159,26,1146418,2023-10-07,Store2,W
147,2157,3,188109,2023-11-12,Store2,W
147,2155,4,250812,2023-12-21,Store2,W
147,2163,47,2082993,2024-03-18,Store1,N
147,2161,1,44093,2024-03-19,Store2,W
147,2165,1,44319,2024-03-23,Store1,N
147,2164,6,265914,2024-03-29,Store1,N
147,2153,7,301742,2024-03-30,Store3,N
147,2160,3,132279,2024-04-03,Store2,W
147,2162,16,709104,2024-04-11,Store1,N
147,2149,9,308997,2024-04-19,Store5,S
148,2167,21,1261365,2022-06-21,Store7,E
148,2168,1,60065,2023-06-18,Store7,E
148,2166,13,780845,2023-09-19,Store7,E
148,2169,13,743015,2023-12-26,Store4,E
148,2170,13,743015,2024-01-27,Store4,E
148,2172,1,57155,2024-03-24,Store4,E
148,2171,8,457240,2024-04-26,Store4,E
149,2176,1,27783,2022-06-12,Store3,N
149,2177,28,371420,2023-01-19,Store5,S
149,2173,87,2417121,2023-06-10,Store3,N
149,2174,1,27783,2024-01-13,Store3,N
149,2180,2,83672,2024-02-16,Store2,W
149,2175,1,27783,2024-03-21,Store3,N
149,2178,5,209180,2024-04-04,Store2,W
149,2179,63,2635668,2024-04-04,Store2,W
150,2181,12,694872,2021-08-01,Store5,S
150,2182,23,1331838,2021-12-16,Store5,S
150,2185,5,34120,2022-12-02,Store1,N
150,2184,22,150128,2022-12-29,Store1,N
150,2193,6,149334,2023-02-19,Store4,E
150,2192,7,174223,2023-04-25,Store4,E
150,2191,7,174223,2023-06-28,Store4,E
150,2189,52,1294228,2023-07-06,Store4,E
150,2190,8,199112,2023-08-21,Store4,E
150,2183,23,156952,2023-09-18,Store1,N
150,2186,4,65788,2023-09-29,Store4,E
150,2201,2,111524,2023-12-21,Store2,W
150,2199,17,1167917,2023-12-29,Store3,N
150,2195,19,1125123,2024-01-09,Store6,S
150,2197,2,118434,2024-02-04,Store6,S
150,2196,1,59217,2024-02-24,Store6,S
150,2187,32,526304,2024-02-27,Store4,E
150,2188,4,65788,2024-03-19,Store4,E
150,2200,8,446096,2024-03-30,Store2,W
150,2202,9,500625,2024-04-07,Store7,E
150,2194,18,1065906,2024-04-15,Store6,S
150,2198,3,206103,2024-04-24,Store3,N
150,2203,5,278125,2024-04-29,Store7,E
151,2205,10,714590,2021-11-25,Store1,N
151,2210,1,71590,2022-01-29,Store3,N
151,2207,1,71459,2022-03-24,Store1,N
151,2211,28,2004520,2022-10-25,Store3,N
151,2215,7,180866,2022-12-07,Store3,N
151,2212,3,214770,2022-12-22,Store3,N
151,2206,1,71459,2023-02-24,Store1,N
151,2222,69,2966655,2023-03-02,Store1,N
151,2217,12,310056,2023-03-24,Store3,N
151,2226,7,283080,2023-03-28,Store2,W
151,2213,2,143180,2023-04-04,Store3,N
151,2225,15,606600,2023-04-18,Store2,W
151,2224,44,1779360,2023-05-03,Store2,W
151,2216,20,516760,2023-05-09,Store3,N
151,2204,28,2000852,2023-06-25,Store1,N
151,2223,1,42995,2023-07-12,Store1,N
151,2229,20,216480,2023-10-12,Store3,N
151,2232,13,140712,2023-10-26,Store3,N
151,2230,15,162360,2023-10-29,Store3,N
151,2228,4,161760,2023-11-06,Store2,W
151,2220,35,234885,2023-11-09,Store2,W
151,2233,1,10824,2023-11-22,Store3,N
151,2209,4,297384,2023-11-26,Store6,S
151,2218,1,25838,2023-11-28,Store3,N
151,2227,10,404400,2023-12-07,Store2,W
151,2208,21,1561266,2023-12-11,Store6,S
151,2214,6,429540,2023-12-24,Store3,N
151,2231,1,10824,2024-03-01,Store3,N
151,2219,2,13422,2024-03-21,Store2,W
151,2221,33,221463,2024-03-21,Store2,W
152,2238,1,58027,2021-02-19,Store1,N
152,2240,6,267414,2021-04-19,Store2,W
152,2236,6,348162,2021-05-09,Store1,N
152,2235,10,580270,2021-10-25,Store1,N
152,2248,34,393822,2021-12-22,Store4,E
152,2255,3,161622,2022-02-25,Store7,E
152,2253,2,107748,2022-03-06,Store7,E
152,2252,2,107748,2022-03-28,Store7,E
152,2266,1,8672,2022-04-01,Store4,E
152,2239,29,1292501,2022-05-01,Store2,W
152,2254,11,592614,2022-05-08,Store7,E
152,2245,6,138504,2022-06-08,Store4,E
152,2251,9,484866,2022-07-19,Store7,E
152,2247,16,185328,2022-08-21,Store4,E
152,2261,2,78798,2022-09-13,Store1,N
152,2234,7,406189,2022-10-02,Store1,N
152,2269,25,706850,2023-01-02,Store1,N
152,2244,14,323176,2023-01-08,Store4,E
152,2271,3,84822,2023-02-17,Store1,N
152,2256,2,107748,2023-03-26,Store7,E
152,2263,63,546336,2023-03-29,Store4,E
152,2274,5,135320,2023-04-25,Store3,N
152,2276,35,947240,2023-04-29,Store3,N
152,2249,29,335907,2023-05-15,Store4,E
152,2260,47,1851753,2023-06-03,Store1,N
152,2257,4,215496,2023-06-06,Store7,E
152,2277,11,297704,2023-06-12,Store3,N
152,2275,16,433024,2023-06-24,Store3,N
152,2259,1,53874,2023-06-25,Store7,E
152,2264,1,8672,2023-06-28,Store4,E
152,2278,3,81192,2023-08-14,Store3,N
152,2273,1,28274,2023-09-17,Store1,N
152,2258,1,53874,2023-10-27,Store7,E
152,2267,35,989590,2023-11-20,Store1,N
152,2268,10,282740,2023-11-20,Store1,N
152,2270,3,84822,2023-11-26,Store1,N
152,2242,2,46168,2023-12-02,Store4,E
152,2246,3,69252,2023-12-08,Store4,E
152,2265,15,130080,2024-01-17,Store4,E
152,2280,16,454976,2024-01-23,Store7,E
152,2250,7,81081,2024-01-25,Store4,E
152,2262,1,39399,2024-02-09,Store1,N
152,2237,6,348162,2024-03-03,Store1,N
152,2243,35,807940,2024-03-09,Store4,E
152,2272,3,84822,2024-03-19,Store1,N
152,2279,34,966824,2024-03-28,Store7,E
152,2241,21,935949,2024-04-10,Store2,W
153,2281,21,1119846,2021-08-22,Store4,E
153,2285,1,6892,2022-07-08,Store2,W
153,2282,9,479934,2022-10-01,Store4,E
153,2283,20,137840,2022-10-13,Store2,W
153,2292,2,63520,2023-01-02,Store7,E
153,2286,1,6892,2023-01-04,Store2,W
153,2293,1,31760,2023-02-06,Store7,E
153,2289,6,190560,2023-02-11,Store7,E
153,2290,2,63520,2023-09-16,Store7,E
153,2297,7,491855,2023-11-01,Store7,E
153,2284,58,399736,2023-11-06,Store2,W
153,2288,4,127040,2023-11-11,Store7,E
153,2294,49,1392139,2023-11-16,Store3,N
153,2296,9,632385,2023-11-27,Store7,E
153,2298,4,281060,2023-12-08,Store7,E
153,2302,19,177650,2023-12-30,Store3,N
153,2295,21,596631,2024-01-08,Store3,N
153,2300,31,289850,2024-02-28,Store3,N
153,2301,3,28050,2024-03-16,Store3,N
153,2303,1,9350,2024-03-27,Store3,N
153,2299,6,56100,2024-04-03,Store3,N
153,2291,1,31760,2024-04-08,Store7,E
153,2287,64,2032640,2024-04-30,Store7,E
154,2305,7,77259,2021-12-25,Store5,S
154,2307,3,33111,2022-08-11,Store5,S
154,2310,13,162617,2022-10-07,Store3,N
154,2306,1,11037,2023-01-17,Store5,S
154,2308,20,250180,2023-07-25,Store3,N
154,2309,39,487851,2023-08-03,Store3,N
154,2314,9,131670,2023-09-13,Store4,E
154,2313,18,263340,2023-11-14,Store4,E
154,2311,18,225162,2024-01-03,Store3,N
154,2304,69,761553,2024-02-04,Store5,S
154,2312,21,307230,2024-04-12,Store4,E
155,2316,2,18960,2022-02-17,Store5,S
155,2317,13,123240,2022-09-29,Store5,S
155,2315,41,388680,2023-01-15,Store5,S
155,2318,4,37920,2023-01-23,Store5,S
155,2322,1,59871,2023-05-12,Store2,W
155,2323,15,898065,2023-07-28,Store2,W
155,2324,10,598710,2023-09-10,Store2,W
155,2319,25,1454900,2023-10-06,Store3,N
155,2325,9,538839,2024-01-22,Store2,W
155,2321,9,523764,2024-01-27,Store3,N
155,2320,1,58196,2024-04-25,Store3,N
156,2334,3,66156,2021-12-06,Store7,E
156,2327,2,121832,2021-12-10,Store1,N
156,2333,8,176416,2021-12-28,Store7,E
156,2335,2,44104,2022-04-15,Store7,E
156,2330,29,639508,2022-07-16,Store7,E
156,2336,2,44104,2022-08-04,Store7,E
156,2328,2,121832,2023-02-06,Store1,N
156,2339,17,1070966,2023-04-19,Store2,W
156,2326,10,609160,2023-05-03,Store1,N
156,2337,1,22052,2023-06-07,Store7,E
156,2341,4,251992,2023-07-02,Store2,W
156,2340,3,188994,2023-09-10,Store2,W
156,2342,13,397189,2023-11-08,Store2,W
156,2343,28,855484,2023-11-11,Store2,W
156,2329,1,60916,2023-12-26,Store1,N
156,2338,16,1007968,2024-01-20,Store2,W
156,2346,1,30553,2024-01-30,Store2,W
156,2352,2,74624,2024-03-01,Store5,S
156,2351,1,37312,2024-03-02,Store5,S
156,2348,5,139940,2024-03-14,Store2,W
156,2350,1,37312,2024-03-15,Store5,S
156,2332,3,66156,2024-03-17,Store7,E
156,2345,14,427742,2024-04-19,Store2,W
156,2331,12,264624,2024-04-22,Store7,E
156,2347,85,2378980,2024-04-22,Store2,W
156,2349,76,2835712,2024-04-25,Store5,S
156,2344,33,1008249,2024-04-26,Store2,W
157,2354,3,168306,2022-03-04,Store3,N
157,2357,4,267940,2022-07-31,Store5,S
157,2358,1,66985,2022-09-08,Store5,S
157,2353,37,2075774,2022-11-08,Store3,N
157,2355,3,200955,2023-03-15,Store5,S
157,2359,10,620610,2023-12-01,Store6,S
157,2364,1,15206,2024-01-21,Store6,S
157,2361,39,593034,2024-02-03,Store6,S
157,2360,25,380150,2024-02-08,Store6,S
157,2363,1,15206,2024-02-25,Store6,S
157,2362,4,60824,2024-03-10,Store6,S
157,2356,17,1138745,2024-03-16,Store5,S
158,2366,7,464653,2022-03-10,Store5,S
158,2367,12,796548,2022-05-16,Store5,S
158,2372,5,284120,2022-10-10,Store5,S
158,2373,1,40854,2022-11-10,Store2,W
158,2379,2,34814,2023-01-30,Store7,E
158,2365,21,1393959,2023-02-05,Store5,S
158,2382,23,1101286,2023-05-21,Store2,W
158,2383,2,95764,2023-06-25,Store2,W
158,2384,5,239410,2023-07-09,Store2,W
158,2380,42,2011044,2023-07-16,Store2,W
158,2381,16,766112,2023-09-02,Store2,W
158,2377,2,83516,2023-10-28,Store4,E
158,2389,5,124675,2023-11-22,Store2,W
158,2388,8,199480,2023-12-02,Store2,W
158,2374,27,1572588,2023-12-16,Store4,E
158,2387,20,498700,2023-12-30,Store2,W
158,2368,19,1079656,2024-01-22,Store5,S
158,2378,78,1357746,2024-02-09,Store7,E
158,2376,16,668128,2024-02-10,Store4,E
158,2385,2,95764,2024-02-18,Store2,W
158,2394,14,1020894,2024-03-04,Store5,S
158,2369,2,113648,2024-03-11,Store5,S
158,2375,5,291220,2024-03-11,Store4,E
158,2395,2,145842,2024-03-27,Store5,S
158,2392,1,24935,2024-03-30,Store2,W
158,2393,29,2114709,2024-03-30,Store5,S
158,2386,18,448830,2024-04-12,Store2,W
158,2391,12,299220,2024-04-16,Store2,W
158,2370,6,340944,2024-04-24,Store5,S
158,2390,16,398960,2024-04-24,Store2,W
158,2371,3,170472,2024-04-28,Store5,S
159,2399,1,35604,2021-12-06,Store6,S
159,2398,4,142416,2021-12-17,Store6,S
159,2402,2,113546,2022-03-19,Store6,S
159,2411,25,755700,2022-03-19,Store1,N
159,2414,41,1205523,2022-04-28,Store2,W
159,2416,2,58806,2022-05-21,Store2,W
159,2397,36,1281744,2022-06-26,Store6,S
159,2417,1,29403,2022-06-28,Store2,W
159,2412,2,60456,2022-07-06,Store1,N
159,2401,1,35604,2022-10-09,Store6,S
159,2406,1,56773,2022-10-16,Store6,S
159,2420,3,193707,2022-11-15,Store3,N
159,2415,5,147015,2022-12-06,Store2,W
159,2404,10,567730,2022-12-27,Store6,S
159,2418,1,29403,2023-01-04,Store2,W
159,2405,3,170319,2023-01-19,Store6,S
159,2430,7,275611,2023-03-30,Store6,S
159,2429,82,3228586,2023-04-28,Store6,S
159,2400,3,106812,2023-05-01,Store6,S
159,2423,27,568296,2023-05-29,Store6,S
159,2419,4,258276,2023-06-27,Store3,N
159,2413,2,60456,2023-07-01,Store1,N
159,2427,3,63144,2023-07-08,Store6,S
159,2424,1,21048,2023-08-30,Store6,S
159,2422,1,64569,2023-09-06,Store3,N
159,2403,16,908368,2023-09-14,Store6,S
159,2421,2,129138,2023-10-31,Store3,N
159,2426,1,21048,2023-11-10,Store6,S
159,2431,1,39373,2023-12-15,Store6,S
159,2440,6,169350,2023-12-19,Store1,N
159,2410,12,362736,2023-12-20,Store1,N
159,2436,1,17734,2023-12-27,Store3,N
159,2434,6,106404,2023-12-31,Store3,N
159,2432,53,939902,2024-01-02,Store3,N
159,2409,49,1481172,2024-01-04,Store1,N
159,2433,19,336946,2024-01-05,Store3,N
159,2407,9,510957,2024-01-17,Store6,S
159,2428,1,21048,2024-02-20,Store6,S
159,2439,15,423375,2024-03-08,Store1,N
159,2435,1,17734,2024-03-18,Store3,N
159,2408,3,170319,2024-03-28,Store6,S
159,2438,9,254025,2024-04-06,Store1,N
159,2437,34,959650,2024-04-11,Store1,N
159,2396,5,178020,2024-04-20,Store6,S
159,2425,7,147336,2024-04-23,Store6,S
160,2442,33,2250600,2021-06-29,Store5,S
160,2441,12,818400,2022-12-19,Store5,S
160,2443,36,1326564,2023-03-09,Store4,E
160,2444,11,405339,2023-04-28,Store4,E
160,2445,3,110547,2024-02-18,Store4,E
161,2448,2,122554,2023-05-18,Store6,S
161,2449,27,1069740,2023-08-16,Store2,W
161,2453,1,39620,2023-10-11,Store2,W
161,2446,24,1470648,2023-10-27,Store6,S
161,2456,12,262536,2023-11-19,Store4,E
161,2447,9,551493,2023-11-25,Store6,S
161,2455,23,503194,2023-12-01,Store4,E
161,2450,6,237720,2024-01-23,Store2,W
161,2451,1,39620,2024-02-11,Store2,W
161,2457,4,87512,2024-03-03,Store4,E
161,2452,5,198100,2024-03-13,Store2,W
161,2454,21,459438,2024-04-16,Store4,E
162,2463,2,129956,2021-07-18,Store1,N
162,2461,4,259912,2021-10-18,Store1,N
162,2462,5,324890,2021-11-29,Store1,N
162,2459,2,129956,2022-02-05,Store1,N
162,2467,9,451710,2022-07-27,Store2,W
162,2477,4,287812,2022-08-28,Store2,W
162,2465,25,1254750,2022-10-14,Store2,W
162,2460,6,389868,2022-10-28,Store1,N
162,2458,10,649780,2022-11-04,Store1,N
162,2481,3,144939,2022-12-01,Store4,E
162,2473,3,110520,2023-01-14,Store5,S
162,2472,11,405240,2023-02-16,Store5,S
162,2483,24,383784,2023-03-18,Store5,S
162,2486,1,15991,2023-05-01,Store5,S
162,2475,1,36840,2023-05-26,Store5,S
162,2480,7,338191,2023-06-03,Store4,E
162,2484,34,543694,2023-06-28,Store5,S
162,2485,1,15991,2023-07-12,Store5,S
162,2464,1,64978,2023-07-25,Store1,N
162,2479,45,2174085,2023-10-28,Store4,E
162,2466,49,2459310,2023-11-01,Store2,W
162,2474,1,36840,2023-11-01,Store5,S
162,2476,4,287812,2023-11-11,Store2,W
162,2488,23,263281,2023-12-19,Store1,N
162,2487,46,526562,2023-12-30,Store1,N
162,2470,1,50190,2023-12-31,Store2,W
162,2482,5,241565,2024-01-01,Store4,E
162,2471,54,1989360,2024-01-07,Store5,S
162,2469,4,200760,2024-03-07,Store2,W
162,2478,2,143906,2024-03-18,Store2,W
162,2468,2,100380,2024-03-19,Store2,W
162,2489,1,11447,2024-04-18,Store1,N
